Assembly,Phages,PositioninPhageGenome,Locus,ClusterSpacer,PositioninBacterialGenome,SpacerRNA,ProtospacerSequence,Score
GCA_016743075.1,Klebsiella phage LASTA,4332-4363,plasmid pRscUGMSS_Db01,Cluster 1 / Spacer 5,195673-195642,5' AUGAAUCGAUGAGCGGAUUGCCGGUCGCCGCCGCCUUCAUGUGUUCCC 3',3' GAAGGTCCTACTCGCCTAACGGCGAGCTACGGCGAAAGTAAAGACGGC 5',24
,Klebsiella phage SJM3,4332-4363,plasmid pRscUGMSS_Db01,Cluster 1 / Spacer 5,195673-195642,5' AUGAAUCGAUGAGCGGAUUGCCGGUCGCCGCCGCCUUCAUGUGUUCCC 3',3' GAAGGTCCTACTCGCCTAACGGCGAGCTACGGCGAAAGTAAAGACGGC 5',24
,Agrobacterium phage Atu_ph08,24778-24747,plasmid pRscUGMSS_Db01,Cluster 1 / Spacer 5,195673-195642,5' AUGAAUCGAUGAGCGGAUUGCCGGUCGCCGCCGCCUUCAUGUGUUCCC 3',3' GGAGTTCCTAGTCGCCCAACGGGCTGCGGCGGCGGAAGTAGAGCCGGC 5',24
,Sinorhizobium meliloti phage PBC5,21282-21313,plasmid pRscUGMSS_Db01,Cluster 1 / Spacer 5,195673-195642,5' AUGAAUCGAUGAGCGGAUUGCCGGUCGCCGCCGCCUUCAUGUGUUCCC 3',3' GAAGGTCCTACTCGCCTAACGGGCTGCGACGGCGAAAGTAGAGCCGGC 5',24
,,,,,,,,
,Phages,Position in Phage's Genome,Locus of CRISPR,CRISPR cluster / Spacer2,Position in Bacterial Genome,CRISPR Spacer RNA,Protospacer Sequence,Score
GCA_015910595.1,Ralstonia phage RSA1,3273-3242,PB17_3,Cluster 1 / Spacer 1,177977-177946,5' AUGAACCGGGGCCGGGCAAUUUCCGCAACCUGUUCAUGUAGUGUUCCC 3',3' CACGGTTCCCCGGCCCGTTAAAGGCGTTGGACAAGTACATGCGCGGGT 5',32
,Ralstonia phage RSY1,7999-7968,PB17_3,Cluster 1 / Spacer 1,177977-177946,5' AUGAACCGGGGCCGGGCAAUUUCCGCAACCUGUUCAUGUAGUGUUCCC 3',3' CACGGTTCCCCGGCCCGTTAAAGGCGTTGGACAAGTACATGCGCGGAT 5',32
,Burkholderia phage Momento,706-675,PB17_3,Cluster 1 / Spacer 1,177977-177946,5' AUGAACCGGGGCCGGGCAAUUUCCGCAACCUGUUCAUGUAGUGUUCCC 3',3' TGCGCTTCCCCGGCCCGTTAAAGGCGTTGCACAAGTACATGCGCGGCC 5',30
,Burkholderia phage Milagro,587-556,PB17_3,Cluster 1 / Spacer 1,177977-177946,5' AUGAACCGGGGCCGGGCAAUUUCCGCAACCUGUUCAUGUAGUGUUCCC 3',3' TGCGTTTCCCCGGCCCGTTAAAGGCGTTGCACAAGTACATGCGCGGCC 5',30
,Burkholderia phage Menos,432-401,PB17_3,Cluster 1 / Spacer 1,177977-177946,5' AUGAACCGGGGCCGGGCAAUUUCCGCAACCUGUUCAUGUAGUGUUCCC 3',3' TGCGCTTCCCCGGCCCGTTAAAGGCGTTGCACAAGTACATGCGCGGCC 5',30
,Aresaunavirus RsoM1USA,3270-3239,PB17_3,Cluster 1 / Spacer 1,177977-177946,5' AUGAACCGGGGCCGGGCAAUUUCCGCAACCUGUUCAUGUAGUGUUCCC 3',3' CCCGCTTCCCCGGCCCGTTGAAGGCGTTGGACAAGTACATGCGCGGGT 5',30
,Burkholderia phage Musica,375-344,PB17_3,Cluster 1 / Spacer 1,177977-177946,5' AUGAACCGGGGCCGGGCAAUUUCCGCAACCUGUUCAUGUAGUGUUCCC 3',3' TGCGTTTCCCCGGCCCGTTAAAGGCGTTGCACAAGTACATGCGCGGCC 5',30
,Burkholderia phage Mana,346-315,PB17_3,Cluster 1 / Spacer 1,177977-177946,5' AUGAACCGGGGCCGGGCAAUUUCCGCAACCUGUUCAUGUAGUGUUCCC 3',3' TGCGCTTCCCCGGCCCGTTAAAGGCCTTGGACAAGTACATGCGCGGCT 5',30
,Burkholderia phage KL3,30888-30919,PB17_3,Cluster 1 / Spacer 1,177977-177946,5' AUGAACCGGGGCCGGGCAAUUUCCGCAACCUGUUCAUGUAGUGUUCCC 3',3' TGCGCTTCCCCGGCCCGTTAAAGGCGTTGCACAAGTACATGCGCGGCC 5',30
,Burkholderia phage vB_BceM_AP3,2327-2296,PB17_3,Cluster 1 / Spacer 1,177977-177946,5' AUGAACCGGGGCCGGGCAAUUUCCGCAACCUGUUCAUGUAGUGUUCCC 3',3' TGCGCTTCCCCGGCCCGTTAAAGGCTTTGGACAAGTACATACGCGGCT 5',30
,Pseudomonas phage vB_Pae_BR319a,1740-1709,PB17_3,Cluster 1 / Spacer 1,177977-177946,5' AUGAACCGGGGCCGGGCAAUUUCCGCAACCUGUUCAUGUAGUGUUCCC 3',3' GGCGCTTCCCCGGCCCGTTAAAGGCGTTGGACAAGCAGATACGCGGCT 5',28
,Burkholderia phage phiE094,1852-1821,PB17_3,Cluster 1 / Spacer 1,177977-177946,5' AUGAACCGGGGCCGGGCAAUUUCCGCAACCUGUUCAUGUAGUGUUCCC 3',3' TGCGCTTCCCCGGCCCGTTGAAGGCGTTGCACAAGTACATGCGCGGCC 5',28
,Burkholderia phage PhiBP82.2,1572-1541,PB17_3,Cluster 1 / Spacer 1,177977-177946,5' AUGAACCGGGGCCGGGCAAUUUCCGCAACCUGUUCAUGUAGUGUUCCC 3',3' TGCGCTTCCCCGGCCCGTTGAAGGCGTTGCACAAGTACATGCGCGGCC 5',28
,Klebsiella phage ST15-OXA48phi14.1,11108-11077,PB17_3,Cluster 1 / Spacer 1,177977-177946,5' AUGAACCGGGGCCGGGCAAUUUCCGCAACCUGUUCAUGUAGUGUUCCC 3',3' CGCGGTTTCCCGGCCCGTTGAAGGCGTTGGACAAATACATAAGCGGGT 5',28
,Escherichia phage 500465-1,7015-6984,PB17_3,Cluster 1 / Spacer 1,177977-177946,5' AUGAACCGGGGCCGGGCAAUUUCCGCAACCUGUUCAUGUAGUGUUCCC 3',3' CGCGGTTTCCCGGCCCGTTGAAGGCGTTGGACAAATACATAAGCGGGT 5',28
,Pseudomonas phage F_HA1961spPa1641,1674-1643,PB17_3,Cluster 1 / Spacer 1,177977-177946,5' AUGAACCGGGGCCGGGCAAUUUCCGCAACCUGUUCAUGUAGUGUUCCC 3',3' GGCGCTTCCCCGGCCCGTTAAAGGCGTTGGACAAGCAGATGCGCGGCT 5',28
,Burkholderia phage KS5,34341-34372,PB17_3,Cluster 1 / Spacer 1,177977-177946,5' AUGAACCGGGGCCGGGCAAUUUCCGCAACCUGUUCAUGUAGUGUUCCC 3',3' TGCGCTTCCCCGGCCCGTTGAAGGCCTTGGACAAGTACATGCGCGGCT 5',28
,Salmonella phage RE-2010,12072-12041,PB17_3,Cluster 1 / Spacer 1,177977-177946,5' AUGAACCGGGGCCGGGCAAUUUCCGCAACCUGUUCAUGUAGUGUUCCC 3',3' CGCGGTTTCCCGGCCCGTTGAAGGCGTTGGACAAATACATGAGCGGGT 5',28
,Pseudomonas phage Dobby,3106-3075,PB17_3,Cluster 1 / Spacer 1,177977-177946,5' AUGAACCGGGGCCGGGCAAUUUCCGCAACCUGUUCAUGUAGUGUUCCC 3',3' GGCGCTTCCCCGGCCCGTTAAAGGCGTTGGACAAGCAGATACGCGGCT 5',28
,Burkholderia phage phiE12-2,5243-5274,PB17_3,Cluster 1 / Spacer 1,177977-177946,5' AUGAACCGGGGCCGGGCAAUUUCCGCAACCUGUUCAUGUAGUGUUCCC 3',3' TGCGCTTCCCCGGCCCGTTGAAGGCGTTGCACAAGTACATGCGCGGCC 5',28
,Burkholderia phage phiE202,5188-5219,PB17_3,Cluster 1 / Spacer 1,177977-177946,5' AUGAACCGGGGCCGGGCAAUUUCCGCAACCUGUUCAUGUAGUGUUCCC 3',3' TGCGCTTCCCCGGCCCGTTGAAGGCGTTGCACAAGTACATGCGCGGCC 5',28
,Burkholderia phage Carl1,5205-5174,PB17_3,Cluster 1 / Spacer 1,177977-177946,5' AUGAACCGGGGCCGGGCAAUUUCCGCAACCUGUUCAUGUAGUGUUCCC 3',3' TGCGCTTCCCCGGCCCTTTGAAGGCCTTGGACAAGTACATGCGCGGCT 5',26
,Escherichia phage vB_EcoM-813R9,19330-19361,PB17_3,Cluster 1 / Spacer 1,177977-177946,5' AUGAACCGGGGCCGGGCAAUUUCCGCAACCUGUUCAUGUAGUGUUCCC 3',3' CGCGGTTTCCCGGCCCGTTGAAGGCGTTGAACAAATACATGAGTGGGT 5',26
,Burkholderia phage PhiBP82.3,1346-1315,PB17_3,Cluster 1 / Spacer 1,177977-177946,5' AUGAACCGGGGCCGGGCAAUUUCCGCAACCUGUUCAUGUAGUGUUCCC 3',3' TGCGCTTCCCCGGACCGTTGAAGGCGTTGCACAAGTACATGCGCGGCC 5',26
,Pseudomonas aeruginosa phage phi CTX,1749-1718,PB17_3,Cluster 1 / Spacer 1,177977-177946,5' AUGAACCGGGGCCGGGCAAUUUCCGCAACCUGUUCAUGUAGUGUUCCC 3',3' GGCGCTTCCCCGGACCGTTAAAGGCGTTGGACAAGCAGATGCGCGGCT 5',26
,Yersinia phage vB_YenM_42.18,12872-12841,PB17_3,Cluster 1 / Spacer 1,177977-177946,5' AUGAACCGGGGCCGGGCAAUUUCCGCAACCUGUUCAUGUAGUGUUCCC 3',3' TTAGGTTTCCCGGCCCGTTAAAGGCATTAGACAAATACATACGGGGTC 5',26
,Klebsiella phage Kp4865-2,22619-22588,PB17_3,Cluster 1 / Spacer 1,177977-177946,5' AUGAACCGGGGCCGGGCAAUUUCCGCAACCUGUUCAUGUAGUGUUCCC 3',3' CGCGGTTTCCCGGCCCGTTGAAGGCGTTGAACAAATACATGAGTGGGT 5',26
,Klebsiella phage ST437-OXA245phi4.1,24387-24418,PB17_3,Cluster 1 / Spacer 1,177977-177946,5' AUGAACCGGGGCCGGGCAAUUUCCGCAACCUGUUCAUGUAGUGUUCCC 3',3' CGCGGTTTCCTGGCCCGTTGAAGGCGTTGGACAAATACATGAGCGGGT 5',26
,Klebsiella phage ST13-OXA48phi12.1,28429-28460,PB17_3,Cluster 1 / Spacer 1,177977-177946,5' AUGAACCGGGGCCGGGCAAUUUCCGCAACCUGUUCAUGUAGUGUUCCC 3',3' TTAGCTTTCCCGGTCCGTTGAAGGCGTTGGACAAATACATGTCGGGCT 5',26
,Klebsiella phage ST512-KPC3phi13.6,24387-24418,PB17_3,Cluster 1 / Spacer 1,177977-177946,5' AUGAACCGGGGCCGGGCAAUUUCCGCAACCUGUUCAUGUAGUGUUCCC 3',3' CGCGGTTTCCTGGCCCGTTGAAGGCGTTGGACAAATACATGAGCGGGT 5',26
,Burkholderia phage PK23,1465-1434,PB17_3,Cluster 1 / Spacer 1,177977-177946,5' AUGAACCGGGGCCGGGCAAUUUCCGCAACCUGUUCAUGUAGUGUUCCC 3',3' TGCGCTTCCCCGGCCCGTTGAAAGCGTTGCACAAGTACATGCGCGGCC 5',26
,Klebsiella phage ST258-KPC3phi16.1,24387-24418,PB17_3,Cluster 1 / Spacer 1,177977-177946,5' AUGAACCGGGGCCGGGCAAUUUCCGCAACCUGUUCAUGUAGUGUUCCC 3',3' CGCGGTTTCCTGGCCCGTTGAAGGCGTTGGACAAATACATGAGCGGGT 5',26
,Burkholderia phage FLC5,29844-29875,PB17_3,Cluster 1 / Spacer 1,177977-177946,5' AUGAACCGGGGCCGGGCAAUUUCCGCAACCUGUUCAUGUAGUGUUCCC 3',3' TGTCGTTCCCCGGCCCCTTAAAGGCTTTGGAAAAGTACATGCGCGGCT 5',26
,Burkholderia phage FLC10,2381-2350,PB17_3,Cluster 1 / Spacer 1,177977-177946,5' AUGAACCGGGGCCGGGCAAUUUCCGCAACCUGUUCAUGUAGUGUUCCC 3',3' TGTCGTTCCCCGGCCCCTTAAAGGCTTTGGAAAAGTACATGCGCGGCT 5',26
,Burkholderia phage phiE52237,5200-5231,PB17_3,Cluster 1 / Spacer 1,177977-177946,5' AUGAACCGGGGCCGGGCAAUUUCCGCAACCUGUUCAUGUAGUGUUCCC 3',3' TGCGCTTCCCCGGACCGTTGAAGGCGTTGCACAAGTACATGCGCGGCC 5',26
,Burkholderia phage phiX216,1346-1315,PB17_3,Cluster 1 / Spacer 1,177977-177946,5' AUGAACCGGGGCCGGGCAAUUUCCGCAACCUGUUCAUGUAGUGUUCCC 3',3' TGCGCTTCCCCGGACCGTTGAAGGCGTTGCACAAGTACATGCGCGGCC 5',26
,Burkholderia phage KS14,27215-27246,PB17_3,Cluster 1 / Spacer 1,177977-177946,5' AUGAACCGGGGCCGGGCAAUUUCCGCAACCUGUUCAUGUAGUGUUCCC 3',3' TGTCGTTCCCCGGCCCCTTAAAGGCTTTGGAAAAGTACATGCGCGGCT 5',26
,Burkholderia phage BEK,32887-32856,PB17_3,Cluster 1 / Spacer 1,177977-177946,5' AUGAACCGGGGCCGGGCAAUUUCCGCAACCUGUUCAUGUAGUGUUCCC 3',3' TGCGCTTCCCCGGACCGTTGAAGGCGTTGCACAAGTACATGCGCGGCC 5',26
,Pseudomonas phage phiCTX,1749-1718,PB17_3,Cluster 1 / Spacer 1,177977-177946,5' AUGAACCGGGGCCGGGCAAUUUCCGCAACCUGUUCAUGUAGUGUUCCC 3',3' GGCGCTTCCCCGGACCGTTAAAGGCGTTGGACAAGCAGATGCGCGGCT 5',26
,Agrobacterium phage Atu_ph08,24778-24747,PB17_3,Cluster 2 / Spacer 5,187442-187411,5' AUGAAUCGAUGAGCGGAUUGCCGGUCGCCGCCGCCUUCAUGUGUUCCC 3',3' GGAGTTCCTAGTCGCCCAACGGGCTGCGGCGGCGGAAGTAGAGCCGGC 5',24
,Sinorhizobium meliloti phage PBC5,21282-21313,PB17_3,Cluster 2 / Spacer 5,187442-187411,5' AUGAAUCGAUGAGCGGAUUGCCGGUCGCCGCCGCCUUCAUGUGUUCCC 3',3' GAAGGTCCTACTCGCCTAACGGGCTGCGACGGCGAAAGTAGAGCCGGC 5',24
,Klebsiella phage SJM3,4332-4363,PB17_3,Cluster 2 / Spacer 5,187442-187411,5' AUGAAUCGAUGAGCGGAUUGCCGGUCGCCGCCGCCUUCAUGUGUUCCC 3',3' GAAGGTCCTACTCGCCTAACGGCGAGCTACGGCGAAAGTAAAGACGGC 5',24
,Klebsiella phage LASTA,4332-4363,PB17_3,Cluster 2 / Spacer 5,187442-187411,5' AUGAAUCGAUGAGCGGAUUGCCGGUCGCCGCCGCCUUCAUGUGUUCCC 3',3' GAAGGTCCTACTCGCCTAACGGCGAGCTACGGCGAAAGTAAAGACGGC 5',24
,Yersinia phage vB_YenM_201.16,8770-8745,PB17_3,Cluster 1 / Spacer 1,177977-177946,5' AUGAACCGGGGCCGGGCAAUUUCCGCAACCUGUUCAUGUAGUGUUCCC 3',3' TGTGGTTTCCCAATCCGTTAAAAGCGTTGGACAAGTACATGCGCGGGT 5',24
,Yersinia phage vB_YenM_06.16-2,8834-8809,PB17_3,Cluster 1 / Spacer 1,177977-177946,5' AUGAACCGGGGCCGGGCAAUUUCCGCAACCUGUUCAUGUAGUGUUCCC 3',3' TGTGGTTTCCCAATCCGTTAAAGGCGTTGGACAAATACATGCGTGGAT 5',24
,Escherichia phage Cartapus,1201-1170,PB17_3,Cluster 1 / Spacer 1,177977-177946,5' AUGAACCGGGGCCGGGCAAUUUCCGCAACCUGUUCAUGUAGUGUUCCC 3',3' CGCGGTTTCCAGGTCCGTTGAAGGCGTTGGACAAATACATGAGCGGAT 5',24
,Klebsiella phage Kp4880-1,13220-13189,PB17_3,Cluster 1 / Spacer 1,177977-177946,5' AUGAACCGGGGCCGGGCAAUUUCCGCAACCUGUUCAUGUAGUGUUCCC 3',3' CGCGGTTTCCAGGTCCGTTGAAGGCGTTGGACAAATACATGAGCGGAT 5',24
,Yersinia phage vB_YenM_56.17,9948-9923,PB17_3,Cluster 1 / Spacer 1,177977-177946,5' AUGAACCGGGGCCGGGCAAUUUCCGCAACCUGUUCAUGUAGUGUUCCC 3',3' TGTGGTTTCCCAATCCGTTAAAGGCGTTGGACAAATACATGCGCGGGT 5',24
,Klebsiella phage Kp4879-2,13220-13189,PB17_3,Cluster 1 / Spacer 1,177977-177946,5' AUGAACCGGGGCCGGGCAAUUUCCGCAACCUGUUCAUGUAGUGUUCCC 3',3' CGCGGTTTCCAGGTCCGTTGAAGGCGTTGGACAAATACATGAGCGGAT 5',24
,Klebsiella phage Kp4878-2,13220-13189,PB17_3,Cluster 1 / Spacer 1,177977-177946,5' AUGAACCGGGGCCGGGCAAUUUCCGCAACCUGUUCAUGUAGUGUUCCC 3',3' CGCGGTTTCCAGGTCCGTTGAAGGCGTTGGACAAATACATGAGCGGAT 5',24
,Klebsiella phage Kp4876-1,13220-13189,PB17_3,Cluster 1 / Spacer 1,177977-177946,5' AUGAACCGGGGCCGGGCAAUUUCCGCAACCUGUUCAUGUAGUGUUCCC 3',3' CGCGGTTTCCAGGTCCGTTGAAGGCGTTGGACAAATACATGAGCGGAT 5',24
,Klebsiella phage Kp4874-1,13220-13189,PB17_3,Cluster 1 / Spacer 1,177977-177946,5' AUGAACCGGGGCCGGGCAAUUUCCGCAACCUGUUCAUGUAGUGUUCCC 3',3' CGCGGTTTCCAGGTCCGTTGAAGGCGTTGGACAAATACATGAGCGGAT 5',24
,Klebsiella phage Kp4875-1,13220-13189,PB17_3,Cluster 1 / Spacer 1,177977-177946,5' AUGAACCGGGGCCGGGCAAUUUCCGCAACCUGUUCAUGUAGUGUUCCC 3',3' CGCGGTTTCCAGGTCCGTTGAAGGCGTTGGACAAATACATGAGCGGAT 5',24
,Klebsiella phage Kp4877-1,13220-13189,PB17_3,Cluster 1 / Spacer 1,177977-177946,5' AUGAACCGGGGCCGGGCAAUUUCCGCAACCUGUUCAUGUAGUGUUCCC 3',3' CGCGGTTTCCAGGTCCGTTGAAGGCGTTGGACAAATACATGAGCGGAT 5',24
,Klebsiella phage Kp4871-2,13220-13189,PB17_3,Cluster 1 / Spacer 1,177977-177946,5' AUGAACCGGGGCCGGGCAAUUUCCGCAACCUGUUCAUGUAGUGUUCCC 3',3' CGCGGTTTCCAGGTCCGTTGAAGGCGTTGGACAAATACATGAGCGGAT 5',24
,Klebsiella phage Kp4873-1,13220-13189,PB17_3,Cluster 1 / Spacer 1,177977-177946,5' AUGAACCGGGGCCGGGCAAUUUCCGCAACCUGUUCAUGUAGUGUUCCC 3',3' CGCGGTTTCCAGGTCCGTTGAAGGCGTTGGACAAATACATGAGCGGAT 5',24
,Klebsiella phage 4LV2017,13247-13216,PB17_3,Cluster 1 / Spacer 1,177977-177946,5' AUGAACCGGGGCCGGGCAAUUUCCGCAACCUGUUCAUGUAGUGUUCCC 3',3' CGCGGTTTCCAGGTCCGTTGAAGGCGTTGGACAAATACATGAGCGGAT 5',24
,Klebsiella phage Kp4872-2,13220-13189,PB17_3,Cluster 1 / Spacer 1,177977-177946,5' AUGAACCGGGGCCGGGCAAUUUCCGCAACCUGUUCAUGUAGUGUUCCC 3',3' CGCGGTTTCCAGGTCCGTTGAAGGCGTTGGACAAATACATGAGCGGAT 5',24
,Klebsiella phage Kp4860-7,13220-13189,PB17_3,Cluster 1 / Spacer 1,177977-177946,5' AUGAACCGGGGCCGGGCAAUUUCCGCAACCUGUUCAUGUAGUGUUCCC 3',3' CGCGGTTTCCAGGTCCGTTGAAGGCGTTGGACAAATACATGAGCGGAT 5',24
,Salmonella phage SEN8,2540-2509,PB17_3,Cluster 1 / Spacer 1,177977-177946,5' AUGAACCGGGGCCGGGCAAUUUCCGCAACCUGUUCAUGUAGUGUUCCC 3',3' CGCGGTTTCCAGGCCCATTGAAGGCGTTGGACAAATACATGAGTGGGT 5',24
,,,,,,,,
,Phages,Position in Phage's Genome,Locus of CRISPR,CRISPR cluster / Spacer2,Position in Bacterial Genome,CRISPR Spacer RNA,Protospacer Sequence,Score
GCA_015910645.1,Ralstonia phage RS138,22842-22813,PB17_1,Cluster 1 / Spacer 32,1115018-1115047,5' GCUACAACUUGACGGACCGCAUCUGUGCGUAGGCAUCGAGGUUAGC 3',3' ACAGCGGGAACTGCCTGGCGTAGACACGCATCCGTAGCAACTTGCG 5',30
,Ralstonia phage p12J,685-714,PB17_1,Cluster 1 / Spacer 2,1113033-1113062,5' GCUACAACCAGCCGUAUCACAUGGAGGAAUGCGCAUGCAGGUUAGC 3',3' TCTTACCGGTCGGCATGGTGTACCTCCTCACGCGTACGTACTGCTG 5',26
,,,,,,,,
,Phages,Position in Phage's Genome,Locus of CRISPR,CRISPR cluster / Spacer2,Position in Bacterial Genome,CRISPR Spacer RNA,Protospacer Sequence,Score
GCA_018243215.1,Aresaunavirus RsoM1USA,9921-9892,Chromosome,Cluster 1 / Spacer 44,1199969-1199998,5' GCUACAACAGUCGUAGCGGCCGAACAGCACGCCAAUGGAGGUUAGC 3',3' GTCGCGGGTCAGCATCGCCGGCTTGTCGTGCGGTTACCCGTGCCGC 5',30
,Ralstonia phage RSMSuper,2453-2425,Chromosome,Cluster 1 / Spacer 9 (1/8),1197659-1197687,5' GCUACAACAUCAAUGCCACGAUGCCCGCCAACGCAGCAGGUUAGC 3',3' CGCGAGGCTAGTTACGGTGCTACGGGCGGTTGCGTCGTGGTAACT 5',29
,Ralstonia phage RSM3,2453-2425,Chromosome,Cluster 1 / Spacer 9 (1/8),1197659-1197687,5' GCUACAACAUCAAUGCCACGAUGCCCGCCAACGCAGCAGGUUAGC 3',3' CGCGAGGCTAGTTACGGTGCTACGGGCGGTTGCGTCGTGGTAACT 5',29
,Ralstonia phage Claudette,19023-18995,Chromosome,Cluster 1 / Spacer 25,1198715-1198744,5' GCUACAACCUAUCCGUCGUCACCAGCACCACCGCAUCCAGGUUAGC 3',3' TCCAGGGCGACAGGCAGCAGTGGTCGTGGTGGCGTAGCCGTGACGA 5',26
,Ralstonia phage GP4,56612-56584,Chromosome,Cluster 1 / Spacer 25,1198715-1198744,5' GCUACAACCUAUCCGUCGUCACCAGCACCACCGCAUCCAGGUUAGC 3',3' TCCAGGGCGACAGGCAGCAGTGGTCGTGGTGGCGTAGCCGTGACGA 5',26
,Ralstonia phage Darius,35397-35369,Chromosome,Cluster 1 / Spacer 25,1198715-1198744,5' GCUACAACCUAUCCGUCGUCACCAGCACCACCGCAUCCAGGUUAGC 3',3' TCCAGGGCGACAGGCAGCAGTGGTCGTGGTGGCGTAGCCGTGACGA 5',26
,Ralstonia phage Alix,57195-57223,Chromosome,Cluster 1 / Spacer 25,1198715-1198744,5' GCUACAACCUAUCCGUCGUCACCAGCACCACCGCAUCCAGGUUAGC 3',3' TCCAGGGCGACAGGCAGCAGTGGTCGTGGTGGCGTAGCCGTGACGA 5',26
,Ralstonia phage Gervaise,14015-14043,Chromosome,Cluster 1 / Spacer 25,1198715-1198744,5' GCUACAACCUAUCCGUCGUCACCAGCACCACCGCAUCCAGGUUAGC 3',3' TCCAGGGCGACAGGCAGCAGTGGTCGTGGTGGCGTAGCCGTGACGA 5',26
,Ralstonia phage Hennie,3787-3816,Chromosome,Cluster 1 / Spacer 41,1199771-1199800,5' GCUACAACGUAAUCACAACGCCAGCGGGGAUCGUCAUCAGGUUAGC 3',3' GACGCGGTCACTCGTGTTGCGGTCGCCCCTAGCAGTAGAGCGCGCG 5',26
,Ralstonia phage Firinga,17382-17353,Chromosome,Cluster 1 / Spacer 41,1199771-1199800,5' GCUACAACGUAAUCACAACGCCAGCGGGGAUCGUCAUCAGGUUAGC 3',3' GACGCGGTCACTCGTGTTGCGGTCGCCCCTAGCAGTAGAGCGCGCG 5',26
,Ralstonia phage RSK1,11846-11817,Chromosome,Cluster 1 / Spacer 41,1199771-1199800,5' GCUACAACGUAAUCACAACGCCAGCGGGGAUCGUCAUCAGGUUAGC 3',3' GACGCGGTCACTCGTGTTGCGGTCGCCCCTAGCAGTAGAGCGCGCG 5',26
,Ralstonia phage RS603,1967-1939,Chromosome,Cluster 1 / Spacer 8,1197594-1197622,5' GCUACAACGCGCGGUCCCUACAGUCAACACGCCCGCAAGGUUAGC 3',3' AACGCGGACGCGCCAGGGGTGTCAGTTGTCCGGGCGTTGCTAATC 5',25
,Ralstonia phage RPZH6,59031-59003,Chromosome,Cluster 1 / Spacer 25,1198715-1198744,5' GCUACAACCUAUCCGUCGUCACCAGCACCACCGCAUCCAGGUUAGC 3',3' TCCAGGGCGACAGGCAGCAGTGTTCGTGGTGGCGTAGCCGTGACGA 5',24
,Burkholderia phage Mica,29706-29732,Chromosome,Cluster 1 / Spacer 13,1197922-1197951,5' GCUACAACCUCAAUUGCCACACUGUCCAAUUUGGACACAGGUUAGC 3',3' GACGCGGGACGTTAACGGCGTGACAGGTTAAACCTGTCCAAAAAAC 5',22
,,,,,,,,
GCA_003515425.1,Phages,Position in Phage's Genome,Locus of CRISPR,CRISPR cluster / Spacer2,Position in Bacterial Genome,CRISPR Spacer RNA,Protospacer Sequence,Score
,Ralstonia phage RSK1,16429-16400,Chromosome,Cluster 1 / Spacer 3,1175923-1175952,5' AGACGUUGCACAGCGCGCGAACCAGCUUGG 3',3' TCTGCAACGTGTCGCGCGCTTGGTCGAACC 5',30
,Ralstonia phage Hennie,38625-38654,Chromosome,Cluster 1 / Spacer 3 (7 too),1175923-1175952,5' AGACGUUGCACAGCGCGCGAACCAGCUUGG 3',3' TCTGCAACGTGTCGCGCGCTTGGTCGAACC 5',30
,Ralstonia phage Firinga,21965-21936,Chromosome,Cluster 1 / Spacer 3 (7 too),1175923-1175952,5' AGACGUUGCACAGCGCGCGAACCAGCUUGG 3',3' TCTGCAACGTGTCGCGCGCTTGGTCGAACC 5',30
,Ralstonia phage RSA1,6054-6025,Chromosome,Cluster 1 / Spacer 23,1177243-1177272,5' GGUUGACGCGCGCGGUGUAGACCUUGGGGU 3',3' CCAACTGCGCGCGCCACATCTGGAACCCCA 5',30
,Ralstonia phage RSY1,10788-10759,Chromosome,Cluster 1 / Spacer 3,1175923-1175952,5' AGACGUUGCACAGCGCGCGAACCAGCUUGG 3',3' TCTGCAACGTGTCGCGCGCTTGGTCGAACC 5',30
,Ralstonia phage RSK1,5366-5395,Chromosome,Cluster 1 / Spacer 7,1176187-1176216,5' UCAAUGGCGCCUGCACGCAGCUGGGCUCGC 3',3' AGTTACCGCGGACGTGCGTCGACCCGAGCG 5',30
,Aresaunavirus RsoM1USA,6059-6030,Chromosome,Cluster 1 / Spacer 23,1177243-1177272,5' GGUUGACGCGCGCGGUGUAGACCUUGGGGU 3',3' CCAACTGCGCACGCCACATCTGGAACCCCA 5',28
,Ralstonia phage RpY1,40614-40586,Chromosome,Cluster 1 / Spacer 15,1176714-1176743,5' AGACGUUGCACAGCGCGCGAACCAGCUUGG 3',3' TCTGCAACGTGTCGCGCGCTTGGTCGAACC 5',28
,Ralstonia phage DU_RP_II,24145-24117,Chromosome,Cluster 1 / Spacer 15,1176714-1176743,5' AGACGUUGCACAGCGCGCGAACCAGCUUGG 3',3' TCTGCAACGTGTCGCGCGCTTGGTCGAACC 5',28
,Ralstonia phage RSM3,7011-6982,Chromosome,Cluster 1 / Spacer 28,1177573-1177602,5' UAUGUCCGCGAUAUCGAACUCGGCGCAGAG 3',3' ATACAGGCGCTATAGCTTGAGTCGCGTCTC 5',28
,Ralstonia phage RSMSuper,7038-7009,Chromosome,Cluster 1 / Spacer 28,1177573-1177602,5' UAUGUCCGCGAUAUCGAACUCGGCGCAGAG 3',3' ATACAGGCGCTATAGCTTGAGTCGCGTCTC 5',28
,Ralstonia phage RSM1,7085-7056,Chromosome,Cluster 1 / Spacer 28,1177573-1177602,5' UAUGUCCGCGAUAUCGAACUCGGCGCAGAG 3',3' ATACAGGCGCTATAGCTTGAGTCGCGTCTC 5',28
,Ralstonia phage RSIBR3,6399-6370,Chromosome,Cluster 1 / Spacer 28,1177573-1177602,5' UAUGUCCGCGAUAUCGAACUCGGCGCAGAG 3',3' ATACAGGCGCTATAGCTTGAGCCGCGTGTC 5',28
,Ralstonia phage Rs5511,6400-6371,Chromosome,Cluster 1 / Spacer 28,1177573-1177602,5' UAUGUCCGCGAUAUCGAACUCGGCGCAGAG 3',3' ATACAGGCGCTATAGCTTGAGCCGCGTGTC 5',28
,Ralstonia phage Sarlave,10367-10396 (10442-10468; 10427-10456; 10607-10636),Chromosome,Cluster 1 / Spacer 6 (6 too),1176121-1176150,5' AGGUCCGCGCCGCGCAGGUCCGCGCCGAGC 3',3' TCCAGGCGCGGCGCGTCCAGGCGCAGCGCG 5',26
,Ralstonia phage Elie,29-55 (14-43; 194-223; 44757-44786),Chromosome,Cluster 1 / Spacer 6 (6 too),1176121-1176150,5' AGGUCCGCGCCGCGCAGGUCCGCGCCGAGC 3',3' TCCAGGCGCGGCGCGTCCAGGCGCGGCGAG 5',26
,Ralstonia phage Adzire,61-90 (44699-44725; 44624-44653; 44684-44713),Chromosome,Cluster 1 / Spacer 6 (6 too),1176121-1176150,5' AGGUCCGCGCCGCGCAGGUCCGCGCCGAGC 3',3' TCCATGCGCGGCGCGTCCAGGCGCGGCGCG 5',26
,Ralstonia phage RpY1,13075-13101 (13120-13149),Chromosome,Cluster 1 / Spacer 6 (6 too),1176121-1176150,5' AGGUCCGCGCCGCGCAGGUCCGCGCCGAGC 3',3' TCCAGGCGCGGCGCGTCCAGGCGCGGCGAG 5',26
,Ralstonia phage Simangalove,211-240 (44774-44803),Chromosome,Cluster 1 / Spacer 6 (6 too),1176121-1176150,5' AGGUCCGCGCCGCGCAGGUCCGCGCCGAGC 3',3' TCCATGCGCGGCGCGTCCAGGCGCGGCGCG 5',26
,Ralstonia phage Dimitile,20379-20351,Chromosome,Cluster 1 / Spacer 18,1176913-1176942,5' GAGAAGGUUGGUUGCGCGGUGCUACGGCCA 3',3' CTCTTCCACCCAACGCGCCACGATGCCGGC 5',26
,Ralstonia phage Cimandef,28222-28194,Chromosome,Cluster 1 / Spacer 18,1176913-1176942,5' GAGAAGGUUGGUUGCGCGGUGCUACGGCCA 3',3' CTCTTCCACCCAACGCGCCACGATGCCGGC 5',26
,Ralstonia phage Claudette,38956-38928,Chromosome,Cluster 1 / Spacer 20,1177045-1177074,5' GUAAGGAGCCACCUCACGCAUGGCGAUUGA 3',3' CATTCCTCGGTGGAGTGCGTACCGCTGACG 5',26
,Ralstonia phage Alix,37262-37290,Chromosome,Cluster 1 / Spacer 20,1177045-1177074,5' GUAAGGAGCCACCUCACGCAUGGCGAUUGA 3',3' CATTCCTCGGTGGAGTGCGTACCGCTGACG 5',26
,Ralstonia phage RS603,7168-7139,Chromosome,Cluster 1 / Spacer 28,1177573-1177602,5' UAUGUCCGCGAUAUCGAACUCGGCGCAGAG 3',3' ATACAGGCGTTATAGCTTGAGTCGCGTCTC 5',26
,Ralstonia phage Jenny,43797-43823,Chromosome,Cluster 1 / Spacer 6,1176121-1176150,5' AGGUCCGCGCCGCGCAGGUCCGCGCCGAGC 3',3' TCCATGCGCGGCGCGTCCAGGCGCGGCGAG 5',24
,Ralstonia phage Bakoly,125-99,Chromosome,Cluster 1 / Spacer 6,1176121-1176150,5' AGGUCCGCGCCGCGCAGGUCCGCGCCGAGC 3',3' TCCATGCGCGGCGCGTCCAGGCGCGGCGAG 5',24
,Eggerthella phage PMBT5,6080-6051,Chromosome,Cluster 1 / Spacer 6,1176121-1176150,5' AGGUCCGCGCCGCGCAGGUCCGCGCCGAGC 3',3' TCCAGTCGCGGCGCGTCCAGTCGCGGCGCG 5',24
,Ralstonia phage Heva,49669-49644,Chromosome,Cluster 1 / Spacer 18,1176913-1176942,5' GAGAAGGUUGGUUGCGCGGUGCUACGGCCA 3',3' ACTCTCCAAACAACGCGCCACGATGCCGGT 5',20
,Ralstonia phage Gerry,9098-9073,Chromosome,Cluster 1 / Spacer 18,1176913-1176942,5' GAGAAGGUUGGUUGCGCGGUGCUACGGCCA 3',3' ACTCTCCAAACAACGCGCCACGATGCCGGT 5',20
,Ralstonia phage Gamede,16815-16790,Chromosome,Cluster 1 / Spacer 18,1176913-1176942,5' GAGAAGGUUGGUUGCGCGGUGCUACGGCCA 3',3' ACTCTCCAAACAACGCGCCACGATGCCGGT 5',20
,,,,,,,,
GCA_003515385.1,Phages,Position in Phage's Genome,Locus of CRISPR,CRISPR cluster / Spacer2,Position in Bacterial Genome,CRISPR Spacer RNA,Protospacer Sequence,Score
,Ralstonia phage RS138,22518-22487,Chromosome,Cluster 1 / Spacer 27 (1/32; 2/51),1089210-1089241,5' AAAUACUGACCGUCGUAGCAAACAGCGUUGAA 3',3' TTTATGACTGGCAGCATCGTTTGTCGCAACTT 5',32
,Ralstonia phage Firinga,16304-16273,Chromosome,Cluster 2 / Spacer 47 (2/20; 2/53; 1/23),1101843-1101874,5' CAGGAUCACCGCCGGUUACGCCGAGCAGCAUU 3',3' GTCCTAGTGGCGGCCAATGCGGCTCGTCGTAA 5',32
,Ralstonia phage Hennie,4865-4896,Chromosome,Cluster 2 / Spacer 47 (2/20; 2/53),1101843-1101874,5' CAGGAUCACCGCCGGUUACGCCGAGCAGCAUU 3',3' GTCCTAGTGGCGGCCAATGCGGCTCGTCGTAA 5',32
,Ralstonia phage RSK1,10768-10737,Chromosome,Cluster 2 / Spacer 47 (2/24; 1/23; 1/3),1101843-1101874,5' CAGGAUCACCGCCGGUUACGCCGAGCAGCAUU 3',3' GTCCTAGTGGCGGCCAATGCGGCTCGTCGTAA 5',32
,Ralstonia phage RSY1,20327-20358,Chromosome,Cluster 2 / Spacer 22 (2/50),1100321-1100352,5' UGGUGGUCUCGGUGCUGUCGCACCUGAACGAC 3',3' ACCACCAGAGCCACGACAGCGTGGACTTGCTG 5',32
,Ralstonia phage RSA1,14863-14894,Chromosome,Cluster 2 / Spacer 22 (2/50),1100321-1100352,5' UGGUGGUCUCGGUGCUGUCGCACCUGAACGAC 3',3' ACCACCAGAGCCACGACAGCGTGGACTTGCTG 5',32
,Ralstonia phage RSM3,1728-1697,Chromosome,Cluster 1 / Spacer 26 (2/42),1089149-1089180,5' AACACCGGCCAUUGAAACCCAGCGGUGAACGC 3',3' TTGTGGCCGGTAACTTTGGGTCGCCATTTGCG 5',30
,Ralstonia phage RSM1,1812-1781,Chromosome,Cluster 1 / Spacer 26 (2/42; 2/39),1089149-1089180,5' AACACCGGCCAUUGAAACCCAGCGGUGAACGC 3',3' TTGTGGCCGGTAACTTTGGGTCGCCATTTGCG 5',30
,Ralstonia phage RSMSuper,1728-1697,Chromosome,Cluster 1 / Spacer 26 (2/42),1089149-1089180,5' AACACCGGCCAUUGAAACCCAGCGGUGAACGC 3',3' TTGTGGCCGGTAACTTTGGGTCGCCATTTGCG 5',30
,Ralstonia phage RSIBR3,1471-1440,Chromosome,Cluster 1 / Spacer 26 (2/33; 2/39),1089149-1089180,5' AACACCGGCCAUUGAAACCCAGCGGUGAACGC 3',3' TTGTGGCCGGTAACTTTGGGTCGCCATTTGCG 5',30
,Ralstonia phage Rs5511,1482-1451,Chromosome,Cluster 1 / Spacer 26 (2/39),1089149-1089180,5' AACACCGGCCAUUGAAACCCAGCGGUGAACGC 3',3' TTGTGGCCGGTAACTTTGGGTCGCCATTTGCG 5',30
,Ralstonia phage RS603,1487-1456,Chromosome,Cluster 1 / Spacer 26 (2/39; 1/31; 2/42; 2/33),1089149-1089180,5' AACACCGGCCAUUGAAACCCAGCGGUGAACGC 3',3' TTGTGGCCGGTAACTTTGGGTCGCTATTTGCG 5',28
,Ralstonia phage Simangalove,252-221,Chromosome,Cluster 1 / Spacer 3,1087745-1087776,5' CGGCGCGAACCUGCUCGGCGCGGACCUGCGCG 3',3' GCCGCGCATGGACGCGCCGCGCCTGGACGCGC 5',28
,Ralstonia phage Sarlave,10468-10437,Chromosome,Cluster 1 / Spacer 3,1087745-1087776,5' CGGCGCGAACCUGCUCGGCGCGGACCUGCGCG 3',3' GCCGCGCATGGACGCGCCGCGCCTGGACGCGC 5',28
,Ralstonia phage Elie,55-24,Chromosome,Cluster 1 / Spacer 3,1087745-1087776,5' CGGCGCGAACCUGCUCGGCGCGGACCUGCGCG 3',3' GCCGCGCATGGACGCGCCGCGCCTGGACGCGC 5',28
,Ralstonia phage Adzire,102-71,Chromosome,Cluster 1 / Spacer 3,1087745-1087776,5' CGGCGCGAACCUGCUCGGCGCGGACCUGCGCG 3',3' GCCGCGCATGGACGCGCCGCGCCTGGACGCGC 5',28
,Ralstonia phage RpY1,12687-12718,Chromosome,Cluster 2 / Spacer 24 (1/3),1100443-1100474,5' GCGAGCGGCUUCCUCCUCGGCCAUGCGUUUCA 3',3' CGCTCGCCGGAGTAGGAGCCGGTACGCAAAGT 5',28
,Ralstonia phage PE226,4126-4155,Chromosome,Cluster 1 / Spacer 31,1089455-1089486,5' UCGGAGGCGAAUAUGCGUGACGUAACGGAUAA 3',3' GCCCTCCGCTTATACGCACTGCATTGCCTATT 5',28
,Aresaunavirus RsoM1USA,19042-19073,Chromosome,Cluster 2 / Spacer 50 (2/22),1102026-1102057,5' ACGCUUUCCAACGUGGCUGUGGACGGCGUGAC 3',3' TGCGAAAGGTTGCACCGGCACCCGCCGCATTG 5',26
,Ralstonia phage Dina,483-452,Chromosome,Cluster 2 / Spacer 19,1100139-1100170,5' CCAGCUGUAGAACUGGUGCCGCAUGCGGACCU 3',3' GGTCGACAGCTCGACCACGGCGTGCGCCTGGA 5',26
,Ralstonia phage Elie,55-24,Chromosome,Cluster 1 / Spacer 3,1087745-1087776,5' CGGCGCGAACCUGCUCGGCGCGGACCUGCGCG 3',3' GCCGCGCATGGACGCGCCGCGCCTGGACGCGC 5',28
,Ralstonia phage Jenny,43823-43792,Chromosome,Cluster 1 / Spacer 3,1087745-1087776,5' CGGCGCGAACCUGCUCGGCGCGGACCUGCGCG 3',3' GCCGCGCCTGGACGCGCCGCGCATGGACGCGC 5',26
,Ralstonia phage Bakoly,84-115,Chromosome,Cluster 1 / Spacer 3,1087745-1087776,5' CGGCGCGAACCUGCUCGGCGCGGACCUGCGCG 3',3' GCCGCGCATGGACTCGCCGCGCCTGGACGCGC 5',26
,Eggerthella phage PMBT5,6039-6070,Chromosome,Cluster 1 / Spacer 3,1087745-1087776,5' CGGCGCGAACCUGCUCGGCGCGGACCUGCGCG 3',3' GCCGCGATTGGACGCGCCGCGACTGGACGCGC 5',26
,Ralstonia phage RsoP1IDN,3851-3882,Chromosome,Cluster 1 / Spacer 3,1087745-1087776,5' CGGCGCGAACCUGCUCGGCGCGGACCUGCGCG 3',3' GCCGCGCTTGGACTGGCCGCGCCTGGACTCGC 5',26
,Ralstonia phage RSS-TH1,5072-5101,Chromosome,Cluster 1 / Spacer 31,1089455-1089486,5' UCGGAGGCGAAUAUGCGUGACGUAACGGAUAA 3',3' GCCCTCGGCTTATACGCACTGCATTGCCTATT 5',26
,Ralstonia phage RSBg,5721-5750,Chromosome,Cluster 1 / Spacer 31,1089455-1089486,5' UCGGAGGCGAAUAUGCGUGACGUAACGGAUAA 3',3' GCCCTCGGCTTATACGCACTGCATTGCCTATT 5',26
,Ralstonia phage p12J,4938-4967,Chromosome,Cluster 1 / Spacer 31,1089455-1089486,5' UCGGAGGCGAAUAUGCGUGACGUAACGGAUAA 3',3' GCCCTCCACTTATACGCACTGCATTGCCTATT 5',26
,Ralstonia phage RSS0,5072-5101,Chromosome,Cluster 1 / Spacer 31,1089455-1089486,5' UCGGAGGCGAAUAUGCGUGACGUAACGGAUAA 3',3' GCCCTCGGCTTATACGCACTGCATTGCCTATT 5',26
,Ralstonia phage RS611,5070-5099,Chromosome,Cluster 1 / Spacer 31,1089455-1089486,5' UCGGAGGCGAAUAUGCGUGACGUAACGGAUAA 3',3' GCCCTCGGCTTATACGCACTGCATTGCCTATT 5',26
,Ralstonia phage RSS30,5087-5116,Chromosome,Cluster 1 / Spacer 31,1089455-1089486,5' UCGGAGGCGAAUAUGCGUGACGUAACGGAUAA 3',3' GCCCTCGGCTTATACGCACTGCATTGCCTATT 5',26
,Ralstonia phage RSS1,5072-5101,Chromosome,Cluster 1 / Spacer 31,1089455-1089486,5' UCGGAGGCGAAUAUGCGUGACGUAACGGAUAA 3',3' GCCCTCGGCTTATACGCACTGCATTGCCTATT 5',26
,Ralstonia phage DU_RP_II,39605-39574,Chromosome,Cluster 1 / Spacer 3,1087745-1087776,5' CGGCGCGAACCUGCUCGGCGCGGACCUGCGCG 3',3' GCTGCGCTTGGACGCGCCGCGCTTGGACTCGC 5',24
,Klebsiella phage Kp4852-3,11855-11826,Chromosome,Cluster 1 / Spacer 31,1089516-1089547,5' UAGGUGUAGGCGAAAAACUGAAAAUCGCCGUC 3',3' ATCCATATCCGCTTTTTGAGTTTTAGTGGCGA 5',22
,,,,,,,,
GCA_003515485.1,Phages,Position in Phage's Genome,Locus of CRISPR,CRISPR cluster / Spacer2,Position in Bacterial Genome,CRISPR Spacer RNA,Protospacer Sequence,Score
,Ralstonia phage RSK1,16429-16400,Chromosome,Cluster 1 / Spacer 3 (1/7; 1/15; 1/6),1175861-1175890,5' AGACGUUGCACAGCGCGCGAACCAGCUUGG 3',3' TCTGCAACGTGTCGCGCGCTTGGTCGAACC 5',30
,Ralstonia phage Firinga,21965-21936,Chromosome,Cluster 1 / Spacer 3 (1/7; 1/15),1175861-1175890,5' AGACGUUGCACAGCGCGCGAACCAGCUUGG 3',3' TCTGCAACGTGTCGCGCGCTTGGTCGAACC 5',30
,Ralstonia phage Hennie,38625-38654,Chromosome,Cluster 1 / Spacer 3 (1/7; 1/15),1175861-1175890,5' AGACGUUGCACAGCGCGCGAACCAGCUUGG 3',3' TCTGCAACGTGTCGCGCGCTTGGTCGAACC 5',30
,Ralstonia phage RSA1,6054-6025,Chromosome,Cluster 1 / Spacer 23,1177181-1177210,5' GGUUGACGCGCGCGGUGUAGACCUUGGGGU 3',3' CCAACTGCGCGCGCCACATCTGGAACCCCA 5',30
,Ralstonia phage RSY1,10788-10759,Chromosome,Cluster 1 / Spacer 23,1177181-1177210,5' GGUUGACGCGCGCGGUGUAGACCUUGGGGU 3',3' CCAACTGCGCGCGCCACATCTGGAACCCCA 5',30
,Aresaunavirus RsoM1USA,6059-6030,Chromosome,Cluster 1 / Spacer 23,1177181-1177210,5' GGUUGACGCGCGCGGUGUAGACCUUGGGGU 3',3' CCAACTGCGCACGCCACATCTGGAACCCCA 5',28
,Ralstonia phage DU_RP_II,24145-24117,Chromosome,Cluster 1 / Spacer 15,1176652-1176681,5' GUCCAUUGCGUACCUGUCGGCCCACUGGCG 3',3' CAGGTAACGCATGGACAGCCGGGTGACCGT 5',28
,Ralstonia phage RpY1,40614-40586,Chromosome,Cluster 1 / Spacer 15 (1/6),1176652-1176681,5' GUCCAUUGCGUACCUGUCGGCCCACUGGCG 3',3' CAGGTAACGCATGGACAGCCGGGTGACCGT 5',28
,Ralstonia phage RSIBR3,6399-6370,Chromosome,Cluster 1 / Spacer 28,1177511-1177540,5' UAUGUCCGCGAUAUCGAACUCGGCGCAGAG 3',3' ATACAGGCGCTATAGCTTGAGCCGCGTGTC 5',28
,Ralstonia phage Rs5511,6400-6371,Chromosome,Cluster 1 / Spacer 28,1177511-1177540,5' UAUGUCCGCGAUAUCGAACUCGGCGCAGAG 3',3' ATACAGGCGCTATAGCTTGAGCCGCGTGTC 5',28
,Ralstonia phage RSMSuper,7038-7009,Chromosome,Cluster 1 / Spacer 28,1177511-1177540,5' UAUGUCCGCGAUAUCGAACUCGGCGCAGAG 3',3' ATACAGGCGCTATAGCTTGAGTCGCGTCTC 5',28
,Ralstonia phage RSM1,7085-7056,Chromosome,Cluster 1 / Spacer 28,1177511-1177540,5' UAUGUCCGCGAUAUCGAACUCGGCGCAGAG 3',3' ATACAGGCGCTATAGCTTGAGTCGCGTCTC 5',28
,Ralstonia phage RSM3,7011-6982,Chromosome,Cluster 1 / Spacer 28,1177511-1177540,5' UAUGUCCGCGAUAUCGAACUCGGCGCAGAG 3',3' ATACAGGCGCTATAGCTTGAGTCGCGTCTC 5',28
,Ralstonia phage Sarlave,10427-10456,Chromosome,Cluster 1 / Spacer 6,1176059-1176088,5' AGGUCCGCGCCGCGCAGGUCCGCGCCGAGC 3',3' TCCATGCGCGGCGCGTCCAGGCGCGGCGCG 5',26
,Ralstonia phage Elie,29-55,Chromosome,Cluster 1 / Spacer 6,1176059-1176088,5' AGGUCCGCGCCGCGCAGGUCCGCGCCGAGC 3',3' TCCAGGCGCGGCGCGTCCAGGCGCGGCGAG 5',26
,Ralstonia phage Adzire,44699-44725,Chromosome,Cluster 1 / Spacer 6,1176059-1176088,5' AGGUCCGCGCCGCGCAGGUCCGCGCCGAGC 3',3' TCCAGGCGCGGCGCGTCCAGGCGCGG 5',26
,Ralstonia phage Simangalove,211-240,Chromosome,Cluster 1 / Spacer 6,1176059-1176088,5' AGGUCCGCGCCGCGCAGGUCCGCGCCGAGC 3',3' TCCATGCGCGGCGCGTCCAGGCGCGGCGCG 5',26
,Ralstonia phage Dimitile,20379-20351,Chromosome,Cluster 1 / Spacer 18,1176851-1176880,5' GAGAAGGUUGGUUGCGCGGUGCUACGGCCA 3',3' CTCTTCCACCCAACGCGCCACGATGCCGGC 5',26
,Ralstonia phage Cimandef,28222-28194,Chromosome,Cluster 1 / Spacer 18,1176851-1176880,5' GAGAAGGUUGGUUGCGCGGUGCUACGGCCA 3',3' CTCTTCCACCCAACGCGCCACGATGCCGGC 5',26
,Ralstonia phage Claudette,38956-38928,Chromosome,Cluster 1 / Spacer 20,1176983-1177012,5' GUAAGGAGCCACCUCACGCAUGGCGAUUGA 3',3' TCCATGCGCGGCGCGTCCAGGCGCGGCGCG 5',26
,Ralstonia phage Alix,37262-37290,Chromosome,Cluster 1 / Spacer 20,1176983-1177012,5' GUAAGGAGCCACCUCACGCAUGGCGAUUGA 3',3' TCCATGCGCGGCGCGTCCAGGCGCGGCGCG 5',26
,Ralstonia phage RS603,7168-7139,Chromosome,Cluster 1 / Spacer 28,1177511-1177540,5' UAUGUCCGCGAUAUCGAACUCGGCGCAGAG 3',3' ATACAGGCGTTATAGCTTGAGTCGCGTCTC 5',26
,Ralstonia phage Jenny,43752-43778,Chromosome,Cluster 1 / Spacer 6,1176059-1176088,5' AGGUCCGCGCCGCGCAGGUCCGCGCCGAGC 3',3' TCCAGGCGCGGCGTGTCCAGGCGCGGCGGG 5',24
,Ralstonia phage Bakoly,125-99,Chromosome,Cluster 1 / Spacer 6,1176059-1176088,5' AGGUCCGCGCCGCGCAGGUCCGCGCCGAGC 3',3' TCCATGCGCGGCGCGTCCAGGCGCGGCGAG 5',24
,Eggerthella phage PMBT5,6080-6051,Chromosome,Cluster 1 / Spacer 6,1176059-1176088,5' AGGUCCGCGCCGCGCAGGUCCGCGCCGAGC 3',3' TCCAGTCGCGGCGCGTCCAGTCGCGGCGCG 5',24
,Ralstonia phage Heva,49669-49644,Chromosome,Cluster 1 / Spacer 18,1176851-1176880,5' GAGAAGGUUGGUUGCGCGGUGCUACGGCCA 3',3' ACTCTCCAAACAACGCGCCACGATGCCGGT 5',20
,Ralstonia phage Gerry,9098-9073,Chromosome,Cluster 1 / Spacer 18,1176851-1176880,5' GAGAAGGUUGGUUGCGCGGUGCUACGGCCA 3',3' ACTCTCCAAACAACGCGCCACGATGCCGGT 5',20
,Ralstonia phage Gamede,16815-16790,Chromosome,Cluster 1 / Spacer 18,1176851-1176880,5' GAGAAGGUUGGUUGCGCGGUGCUACGGCCA 3',3' ACTCTCCAAACAACGCGCCACGATGCCGGT 5',20
,Ralstonia phage Eline,22510-22485,Chromosome,Cluster 1 / Spacer 18,1176851-1176880,5' GAGAAGGUUGGUUGCGCGGUGCUACGGCCA 3',3' ACTCTCCAAACAACGCGCCACGATGCCGGT 5',20
,,,,,,,,
GCA_003515325.1,Phages,Position in Phage's Genome,Locus of CRISPR,CRISPR cluster / Spacer2,Position in Bacterial Genome,CRISPR Spacer RNA,Protospacer Sequence,Score
,Ralstonia phage RSK1,16429-16400,Chromosome,Cluster 1 / Spacer 3 (1/7; 1/15; 1/6),1175861-1175890,5' AGACGUUGCACAGCGCGCGAACCAGCUUGG 3',3' TCTGCAACGTGTCGCGCGCTTGGTCGAACC 5',30
,Phages extremely related to T101 strain,,,,,,,
,,,,,,,,
GCA_003515525.1,Phages,Position in Phage's Genome,Locus of CRISPR,CRISPR cluster / Spacer2,Position in Bacterial Genome,CRISPR Spacer RNA,Protospacer Sequence,Score
,Ralstonia phage RSK1,16429-16400,Chromosome,Cluster 1 / Spacer 3 (1/7; 1/15; 1/6),1175921-1175950,5' AGACGUUGCACAGCGCGCGAACCAGCUUGG 3',3' TCTGCAACGTGTCGCGCGCTTGGTCGAACC 5',30
,Ralstonia phage Hennie,38625-38654,Chromosome,Cluster 1 / Spacer 3 (1/7; 1/15),1175921-1175950,5' AGACGUUGCACAGCGCGCGAACCAGCUUGG 3',3' TCTGCAACGTGTCGCGCGCTTGGTCGAACC 5',30
,Ralstonia phage Firinga,21965-21936,Chromosome,Cluster 1 / Spacer 3 (1/7; 1/15),1175921-1175950,5' AGACGUUGCACAGCGCGCGAACCAGCUUGG 3',3' TCTGCAACGTGTCGCGCGCTTGGTCGAACC 5',30
,Ralstonia phage RSA1,6054-6025,Chromosome,Cluster 1 / Spacer 23,1177241-1177270,5' GGUUGACGCGCGCGGUGUAGACCUUGGGGU 3',3' CCAACTGCGCGCGCCACATCTGGAACCCCA 5',30
,Ralstonia phage RSY1,16429-16400,Chromosome,Cluster 1 / Spacer 3,1175921-1175950,5' AGACGUUGCACAGCGCGCGAACCAGCUUGG 3',3' TCTGCAACGTGTCGCGCGCTTGGTCGAACC 5',30
,Aresaunavirus RsoM1USA,6059-6030,Chromosome,Cluster 1 / Spacer 23,1177241-1177270,5' GGUUGACGCGCGCGGUGUAGACCUUGGGGU 3',3' CCAACTGCGCACGCCACATCTGGAACCCCA 5',28
,Ralstonia phage RpY1,40614-40586,Chromosome,Cluster 1 / Spacer 15 (1/6),1176712-1176741,5' GUCCAUUGCGUACCUGUCGGCCCACUGGCG 3',3' CAGGTAACGCATGGACAGCCGGGTGACCGT 5',28
,Ralstonia phage DU_RP_II,24145-24117,Chromosome,Cluster 1 / Spacer 15 (1/6),1176712-1176741,5' GUCCAUUGCGUACCUGUCGGCCCACUGGCG 3',3' CAGGTAACGCATGGACAGCCGGGTGACCGT 5',28
,Ralstonia phage RSIBR3,6399-6370,Chromosome,Cluster 1 / Spacer 28,1177571-1177600,5' UAUGUCCGCGAUAUCGAACUCGGCGCAGAG 3',3' ATACAGGCGCTATAGCTTGAGCCGCGTGTC 5',28
,Ralstonia phage Rs5511,6400-6371,Chromosome,Cluster 1 / Spacer 28,1177571-1177600,5' UAUGUCCGCGAUAUCGAACUCGGCGCAGAG 3',3' ATACAGGCGCTATAGCTTGAGCCGCGTGTC 5',28
,Ralstonia phage RSM3,7011-6982,Chromosome,Cluster 1 / Spacer 28,1177571-1177600,5' UAUGUCCGCGAUAUCGAACUCGGCGCAGAG 3',3' ATACAGGCGCTATAGCTTGAGTCGCGTCTC 5',28
,Ralstonia phage RSMSuper,7038-7009,Chromosome,Cluster 1 / Spacer 28,1177571-1177600,5' UAUGUCCGCGAUAUCGAACUCGGCGCAGAG 3',3' ATACAGGCGCTATAGCTTGAGTCGCGTCTC 5',28
,Ralstonia phage RSM1,7085-7056,Chromosome,Cluster 1 / Spacer 28,1177571-1177600,5' UAUGUCCGCGAUAUCGAACUCGGCGCAGAG 3',3' ATACAGGCGCTATAGCTTGAGTCGCGTCTC 5',28
,Ralstonia phage Sarlave,10367-10396,Chromosome,Cluster 1 / Spacer 6,1176119-1176148,5' AGGUCCGCGCCGCGCAGGUCCGCGCCGAGC 3',3' TCCAGGCGCGGCGCGTCCAGGCGCAGCGCG 5',26
,Ralstonia phage Elie,29-55,Chromosome,Cluster 1 / Spacer 6,1176119-1176148,5' AGGUCCGCGCCGCGCAGGUCCGCGCCGAGC 3',3' TCCAGGCGCGGCGCGTCCAGGCGCGGCGAG 5',26
,Ralstonia phage Adzire,44699-44725,Chromosome,Cluster 1 / Spacer 6,1176119-1176148,5' AGGUCCGCGCCGCGCAGGUCCGCGCCGAGC 3',3' TCCAGGCGCGGCGCGTCCAGGCGCGG 5',26
,Ralstonia phage Simangalove,211-240,Chromosome,Cluster 1 / Spacer 6,1176119-1176148,5' AGGUCCGCGCCGCGCAGGUCCGCGCCGAGC 3',3' TCCATGCGCGGCGCGTCCAGGCGCGGCGCG 5',26
,Ralstonia phage Dimitile,20379-20351,Chromosome,Cluster 1 / Spacer 18,1176911-1176940,5' GAGAAGGUUGGUUGCGCGGUGCUACGGCCA 3',3' CTCTTCCACCCAACGCGCCACGATGCCGGC 5',26
,Ralstonia phage Cimandef,28222-28194,Chromosome,Cluster 1 / Spacer 18,1176911-1176940,5' GAGAAGGUUGGUUGCGCGGUGCUACGGCCA 3',3' CTCTTCCACCCAACGCGCCACGATGCCGGC 5',26
,Ralstonia phage Claudette,38956-38928,Chromosome,Cluster 1 / Spacer 20,1177043-1177072,5' GUAAGGAGCCACCUCACGCAUGGCGAUUGA 3',3' CATTCCTCGGTGGAGTGCGTACCGCTGACG 5',26
,Ralstonia phage Alix,37262-37290,Chromosome,Cluster 1 / Spacer 20,1177043-1177072,5' GUAAGGAGCCACCUCACGCAUGGCGAUUGA 3',3' CATTCCTCGGTGGAGTGCGTACCGCTGACG 5',26
,Ralstonia phage RS603,7168-7139,Chromosome,Cluster 1 / Spacer 28,1177571-1177600,5' UAUGUCCGCGAUAUCGAACUCGGCGCAGAG 3',3' ATACAGGCGTTATAGCTTGAGTCGCGTCTC 5',26
,Ralstonia phage Jenny,43752-43778,Chromosome,Cluster 1 / Spacer 6,1176119-1176148,5' AGGUCCGCGCCGCGCAGGUCCGCGCCGAGC 3',3' TCCAGGCGCGGCGTGTCCAGGCGCGGCGGG 5',26
,Ralstonia phage Bakoly,125-99,Chromosome,Cluster 1 / Spacer 6,1176119-1176148,5' AGGUCCGCGCCGCGCAGGUCCGCGCCGAGC 3',3' TCCATGCGCGGCGCGTCCAGGCGCGGCGAG 5',26
,Eggerthella phage PMBT5,6080-6051,Chromosome,Cluster 1 / Spacer 6,1176119-1176148,5' AGGUCCGCGCCGCGCAGGUCCGCGCCGAGC 3',3' TCCATGCGCGGCGCGTCCAGGCGCGGCGAG 5',24
,Ralstonia phage Heva,49669-49644,Chromosome,Cluster 1 / Spacer 18,1176911-1176940,5' GAGAAGGUUGGUUGCGCGGUGCUACGGCCA 3',3' ACTCTCCAAACAACGCGCCACGATGCCGGT 5',20
,Ralstonia phage Gerry,9098-9073,Chromosome,Cluster 1 / Spacer 18,1176911-1176940,5' GAGAAGGUUGGUUGCGCGGUGCUACGGCCA 3',3' ACTCTCCAAACAACGCGCCACGATGCCGGT 5',20
,Ralstonia phage Gamede,16815-16790,Chromosome,Cluster 1 / Spacer 18,1176911-1176940,5' GAGAAGGUUGGUUGCGCGGUGCUACGGCCA 3',3' ACTCTCCAAACAACGCGCCACGATGCCGGT 5',20
,Ralstonia phage Eline,22510-22485,Chromosome,Cluster 1 / Spacer 18,1176911-1176940,5' GAGAAGGUUGGUUGCGCGGUGCUACGGCCA 3',3' ACTCTCCAAACAACGCGCCACGATGCCGGT 5',20
,,,,,,,,
GCA_002012345.1,Phages,Position in Phage's Genome,Locus of CRISPR,CRISPR cluster / Spacer2,Position in Bacterial Genome,CRISPR Spacer RNA,Protospacer Sequence,Score
,Klebsiella phage LASTA,4332-4363,plasmid,Cluster 1 / Spacer 5,346165-346134,5' AUGAGCGGAUUGCCGGUCGCCGCCGCCUUCAU 3',3' TACTCGCCTAACGGCGAGCTACGGCGAAAGTA 5',24
,Agrobacterium phage Atu_ph08,24778-24747,plasmid,Cluster 1 / Spacer 5,346165-346134,5' AUGAGCGGAUUGCCGGUCGCCGCCGCCUUCAU 3',3' TAGTCGCCCAACGGGCTGCGGCGGCGGAAGTA 5',24
,Klebsiella phage SJM3,4332-4363,plasmid,Cluster 1 / Spacer 5,346165-346134,5' AUGAGCGGAUUGCCGGUCGCCGCCGCCUUCAU 3',3' TACTCGCCTAACGGCGAGCTACGGCGAAAGTA 5',24
,Sinorhizobium meliloti phage PBC5,21282-21313,plasmid,Cluster 1 / Spacer 5,346165-346134,5' AUGAGCGGAUUGCCGGUCGCCGCCGCCUUCAU 3',3' TACTCGCCTAACGGGCTGCGACGGCGAAAGTA 5',24
,,,,,,,,
GCA_029219965.1,Phages,Position in Phage's Genome,Locus of CRISPR,CRISPR cluster / Spacer2,Position in Bacterial Genome,CRISPR Spacer RNA,Protospacer Sequence,Score
,Ralstonia phage RS138,22842-22813,contig 00001-1628,Cluster 1 / Spacer 32,524234-524205,5' UUGACGGACCGCAUCUGUGCGUAGGCAUCG 3',3' AACTGCCTGGCGTAGACACGCATCCGTAGC 5',30
,Ralstonia phage YO381_1,19763-19792,contig 00001-1628,Cluster 1 / Spacer 32,524234-524205,5' UUGACGGACCGCAUCUGUGCGUAGGCAUCG 3',3' AACTGCCTCGCGTAGACACGCATCCGTAGC 5',28
,Ralstonia phage YO098_1,19763-19792,contig 00001-1628,Cluster 1 / Spacer 32,524234-524205,5' UUGACGGACCGCAUCUGUGCGUAGGCAUCG 3',3' AACTGCCTCGCGTAGACACGCATCCGTAGC 5',28
,Ralstonia phage YO088_1,12070-12041,contig 00001-1628,Cluster 1 / Spacer 32,524234-524205,5' UUGACGGACCGCAUCUGUGCGUAGGCAUCG 3',3' AACTGCCTCGCGTAGACACGCATCCGTAGC 5',28
,Ralstonia phage p12J,685-714,contig 00001-1628,Cluster 1 / Spacer 32,526215-526186,5' CAGCCGUAUCACAUGGAGGAAUGCGCAUGC 3',3' GTCGGCATGGTGTACCTCCTCACGCGTACG 5',28
,,,,,,,,
FR854085.1,Phages,Position in Phage's Genome,Locus of CRISPR,CRISPR cluster / Spacer2,Position in Bacterial Genome,CRISPR Spacer RNA,Protospacer Sequence,Score
,Ralstonia phage RS138,22842-22813,contig 00001-1628,Cluster 1 / Spacer 32,524234-524205,5' UUGACGGACCGCAUCUGUGCGUAGGCAUCG 3',3' AACTGCCTGGCGTAGACACGCATCCGTAGC 5',30
,Ralstonia phage YO381_1,19763-19792,contig 00001-1628,Cluster 1 / Spacer 32,524234-524205,5' UUGACGGACCGCAUCUGUGCGUAGGCAUCG 3',3' AACTGCCTCGCGTAGACACGCATCCGTAGC 5',28
,Ralstonia phage YO098_1,19763-19792,contig 00001-1628,Cluster 1 / Spacer 32,524234-524205,5' UUGACGGACCGCAUCUGUGCGUAGGCAUCG 3',3' AACTGCCTCGCGTAGACACGCATCCGTAGC 5',28
,Ralstonia phage YO088_1,12070-12041,contig 00001-1628,Cluster 1 / Spacer 32,524234-524205,5' UUGACGGACCGCAUCUGUGCGUAGGCAUCG 3',3' AACTGCCTCGCGTAGACACGCATCCGTAGC 5',28
,Ralstonia phage p12J,685-714,contig 00001-1628,Cluster 1 / Spacer 32,526215-526186,5' CAGCCGUAUCACAUGGAGGAAUGCGCAUGC 3',3' GTCGGCATGGTGTACCTCCTCACGCGTACG 5',26